<?xml version="1.0" encoding="UTF-8"?>
<model package="robotsbuilder" baseClass="xPDOObject" platform="mysql" defaultEngine="MyISAM" phpdoc-package="robotsbuilder"
       version="1.1">

    <object class="RobotsBuilderItem" table="robotsbuilder_items" extends="xPDOSimpleObject">
        <field key="type" dbtype="varchar" precision="100" phptype="string" null="false" default="robots.txt"/>
        <field key="context" dbtype="varchar" precision="100" phptype="string" null="false" default="web"/>
        <field key="content" dbtype="text" phptype="string" null="true" default=""/>
        <field key="active" dbtype="tinyint" precision="1" phptype="boolean" null="true" default="1"/>

        <index alias="active" name="active" primary="false" unique="false" type="BTREE">
            <column key="active" length="" collation="A" null="false"/>
        </index>
    </object>

</model>